{
    "parent": "spectral:root",
    "display": {
      "icon": {
        "id": "minecraft:writable_book"
      },
      "title": {"text": "Writer's Block", "color": "dark_purple"},
      "description": {"text": "Witness a ghost write a message", "color": "gray"},
      "frame": "task",
      "show_toast": true,
      "announce_to_chat": true
    },
    "criteria": {
      "pickup_written_journal": {
        "trigger": "minecraft:inventory_changed",
        "conditions": {
          "items": [
            {
              "items": "minecraft:written_book",
              "predicates": {
                "minecraft:custom_data": {
                  "spectral": {
                    "item": "journal",
                    "written": true
                  }
                }
              }
            }
          ]
        }
      }
    }
  }