{
    "display": {
      "icon": {
        "id": "minecraft:echo_shard"
      },
      "title": {
        "text": "Strange Resonance",
        "color": "#A78BFA"
      },
      "description": {
        "text": "These materials could detect the paranormal...",
        "color": "gray"
      },
      "show_toast": true,
      "announce_to_chat": false
    },
    "parent": "spectral:root",
    "criteria": {
      "has_echo_shard": {
        "trigger": "minecraft:inventory_changed",
        "conditions": {
          "items": [
            {"items": "minecraft:echo_shard"}
          ]
        }
      }
    },
    "rewards": {
  "recipes": [
    "spectral:emf_detector",
    "spectral:spirit_box",
    "spectral:thermometer",
    "spectral:containment_device",
    "spectral:grave_soil",
    "spectral:guidebook",
    "spectral:spectral_journal"
  ]
}
}
