{
    "type": "minecraft:crafting_shaped",
    "pattern": [
      " O ",
      "SBS",
      " S "
    ],
    "key": {
      "O": "minecraft:crying_obsidian",
      "S": "minecraft:soul_sand",
      "B": "minecraft:glass_bottle"
    },
    "result": {
      "id": "minecraft:glass_bottle",
      "components": {
        "minecraft:custom_name": {"text": "Containment Device", "italic": false, "color": "#06B6D4", "bold": true},
        "minecraft:lore": [
          {"text": "Captures spectral anomalies", "italic": false, "color": "gray"},
          {"text": "Use near an anomaly to contain it", "italic": false, "color": "dark_gray"},
          {"text": ""},
          {"text": "Containment Tool", "italic": false, "color": "#22D3EE"}
        ],
        "minecraft:custom_data": {"spectral": {"item": "container"}},
        "minecraft:enchantment_glint_override": true
      }
    }
  }