{
    "type": "minecraft:crafting_shaped",
    "pattern": [
      " A ",
      "ECE",
      " C "
    ],
    "key": {
      "A": "minecraft:amethyst_shard",
      "E": "minecraft:echo_shard",
      "C": "minecraft:copper_ingot"
    },
    "result": {
      "id": "minecraft:carrot_on_a_stick",
      "components": {
        "minecraft:custom_name": {"text": "EMF Detector", "italic": false, "color": "#7C3AED", "bold": true},
        "minecraft:lore": [
          {"text": "Detects spectral anomalies", "italic": false, "color": "gray"},
          {"text": "Hold to scan nearby area", "italic": false, "color": "dark_gray"},
          {"text": ""},
          {"text": "Investigation Tool", "italic": false, "color": "#A78BFA"}
        ],
        "minecraft:custom_data": {"spectral": {"item": "emf"}},
        "minecraft:enchantment_glint_override": true
      }
    }
  }