{
    "type": "minecraft:crafting_shaped",
    "pattern": [
      " B ",
      "SES",
      " S "
    ],
    "key": {
      "B": "minecraft:bone",
      "S": "minecraft:soul_sand",
      "E": "minecraft:echo_shard"
    },
    "result": {
      "id": "minecraft:carrot_on_a_stick",
      "count": 1,
      "components": {
        "minecraft:custom_name": {"text": "Disturbed Grave Soil", "italic": false, "color": "#4B5563", "bold": true},
        "minecraft:lore": [
          {"text": "Unearthed from restless grounds.", "italic": false, "color": "gray"},
          {"text": ""},
          {"text": "Right-click to disturb the veil...", "italic": false, "color": "#EF4444"},
          {"text": ""},
          {"text": "Summoning Item", "italic": false, "color": "#A78BFA"}
        ],
        "minecraft:custom_data": {"spectral": {"item": "grave_soil"}},
        "minecraft:enchantment_glint_override": true
      }
    }
  }