{
  "type": "minecraft:crafting_shapeless",
  "ingredients": [
    "minecraft:writable_book",
    "minecraft:echo_shard"
  ],
  "result": {
    "id": "minecraft:written_book",
    "components": {
      "minecraft:custom_name": {"text": "Investigator's Guidebook", "italic": false, "color": "#8B5CF6", "bold": true},
      "minecraft:written_book_content": {
        "title": "Investigator's Guidebook",
        "author": "Spectral Frequency",
        "pages": [
          "INVESTIGATOR'S GUIDEBOOK\n\nWelcome, Investigator.\n\nThis guide contains everything you need to identify and contain spectral anomalies.\n\nStay alert. Stay alive.",
          "EMF DETECTOR\n\nDetects spectral energy.\n\nSignal Strength:\n- Weak (15-30 blocks)\n- Moderate (5-15 blocks)\n- Strong (<5 blocks)\n\nInterference indicates extreme proximity.",
          "SPIRIT BOX\n\nCycles radio frequencies to detect ghostly voices.\n\nRequirements:\n- Night time only\n- Within 10 blocks\n\nSome ghosts respond. Others stay silent.",
          "THERMOMETER\n\nMeasures ambient temperature.\n\n68F = Normal\n55F = Cool\n28F = Freezing\n10F = FRIGID\n\nFreezing temps indicate specific ghost types.",
          "SPECTRAL JOURNAL\n\nDetects ghost writing.\n\nUsage:\n- Drop near anomaly\n- Wait for activity\n- Pick up to read\n\nIf the ghost can write, it will leave a message.",
          "CONTAINMENT DEVICE\n\nCaptures anomalies.\n\nUsage:\n- Get within 5 blocks\n- Hold device steady\n- Wait for progress\n\nSome ghosts resist longer!",
          "EVIDENCE TYPES\n\nEMF Detector\n- Spikes near certain ghosts\n\nSpirit Box\n- Some ghosts respond\n\nGhost Writing\n- Some ghosts write messages\n\nMatch evidence to identify!",
          "GHOST TYPES (1/2)\n\nWHISPER\nSpirit Box + Writing\nThreat: Low\n\nSHADOW\nEMF only\nThreat: Medium\n\nWRAITH\nEMF + Spirit Box\nThreat: HIGH",
          "GHOST TYPES (2/2)\n\nPHANTOM\nEMF + Writing\nThreat: Medium\n\nSHADE\nWriting only\nThreat: Low\n\nShades are hard to detect...",
          "SURVIVAL TIPS\n\n- Monitor your exposure\n- Step away to recover\n- Contain ghosts quickly\n- Wraiths deal damage!\n\nGood luck, Investigator."
        ]
      }
    }
  }
}