{
    "type": "minecraft:crafting_shaped",
    "pattern": [
      " I ",
      "PEP",
      " P "
    ],
    "key": {
      "I": "minecraft:ink_sac",
      "P": "minecraft:paper",
      "E": "minecraft:echo_shard"
    },
    "result": {
      "id": "minecraft:writable_book",
      "count": 1,
      "components": {
        "custom_name": {"text": "Spectral Journal", "color": "dark_purple", "italic": false},
        "lore": [
          {"text": "Drop near paranormal activity", "color": "gray", "italic": false},
          {"text": "and wait...", "color": "gray", "italic": false}
        ],
        "enchantment_glint_override": true,
        "custom_data": {
          "spectral": {
            "item": "journal",
            "written": false
          }
        }
      }
    }
  }