{
    "type": "minecraft:crafting_shaped",
    "pattern": [
      "AEA",
      "ANA",
      " A "
    ],
    "key": {
      "A": "minecraft:amethyst_shard",
      "E": "minecraft:echo_shard",
      "N": "minecraft:note_block"
    },
    "result": {
      "id": "minecraft:recovery_compass",
      "components": {
        "minecraft:custom_name": {"text": "Spirit Box", "italic": false, "color": "#7C3AED", "bold": true},
        "minecraft:lore": [
          {"text": "Cycles through radio frequencies", "italic": false, "color": "gray"},
          {"text": "to detect spectral voices.", "italic": false, "color": "gray"},
          {"text": ""},
          {"text": "Use at night near anomalies.", "italic": false, "color": "#A78BFA"},
          {"text": ""},
          {"text": "Investigation Tool", "italic": false, "color": "#A78BFA"}
        ],
        "minecraft:custom_data": {"spectral": {"item": "spirit_box"}},
        "minecraft:enchantment_glint_override": true
      }
    }
  }