{
    "type": "minecraft:crafting_shaped",
    "pattern": [
      " A ",
      " G ",
      " B "
    ],
    "key": {
      "A": "minecraft:amethyst_shard",
      "G": "minecraft:glass_pane",
      "B": "minecraft:blue_ice"
    },
    "result": {
      "id": "minecraft:breeze_rod",
      "components": {
        "minecraft:custom_name": {"text": "Thermometer", "italic": false, "color": "#3B82F6", "bold": true},
        "minecraft:lore": [
          {"text": "Measures ambient temperature", "italic": false, "color": "gray"},
          {"text": "near spectral anomalies.", "italic": false, "color": "gray"},
          {"text": ""},
          {"text": "Watch for sudden drops.", "italic": false, "color": "#93C5FD"},
          {"text": ""},
          {"text": "Investigation Tool", "italic": false, "color": "#A78BFA"}
        ],
        "minecraft:custom_data": {"spectral": {"item": "thermometer"}},
        "minecraft:enchantment_glint_override": true
      }
    }
  }